USE [ONLINE_QUIZ]
GO
/****** Object:  User [sa1]    Script Date: 6/7/2021 9:26:21 AM ******/
CREATE USER [sa1] FOR LOGIN [sa1] WITH DEFAULT_SCHEMA=[dbo]
GO
/****** Object:  Table [dbo].[ACCOUNT]    Script Date: 6/7/2021 9:26:22 AM ******/
SET ANSI_NULLS ON
GO
SET QUOTED_IDENTIFIER ON
GO
CREATE TABLE [dbo].[ACCOUNT](
	[USERNAME] [varchar](20) NULL,
	[PASSWORD] [varchar](20) NULL,
	[GID] [int] NULL,
	[EMAIL] [varchar](50) NULL
) ON [PRIMARY]
GO
/****** Object:  Table [dbo].[ANSWER]    Script Date: 6/7/2021 9:26:22 AM ******/
SET ANSI_NULLS ON
GO
SET QUOTED_IDENTIFIER ON
GO
CREATE TABLE [dbo].[ANSWER](
	[AID] [int] NOT NULL,
	[CONTENT] [varchar](100) NULL,
	[QID] [int] NULL,
 CONSTRAINT [PK_ANSWER] PRIMARY KEY CLUSTERED 
(
	[AID] ASC
)WITH (PAD_INDEX = OFF, STATISTICS_NORECOMPUTE = OFF, IGNORE_DUP_KEY = OFF, ALLOW_ROW_LOCKS = ON, ALLOW_PAGE_LOCKS = ON, OPTIMIZE_FOR_SEQUENTIAL_KEY = OFF) ON [PRIMARY]
) ON [PRIMARY]
GO
/****** Object:  Table [dbo].[FEATURES]    Script Date: 6/7/2021 9:26:22 AM ******/
SET ANSI_NULLS ON
GO
SET QUOTED_IDENTIFIER ON
GO
CREATE TABLE [dbo].[FEATURES](
	[ID] [int] NOT NULL,
	[URL] [varchar](20) NULL,
 CONSTRAINT [PK_FEATURES] PRIMARY KEY CLUSTERED 
(
	[ID] ASC
)WITH (PAD_INDEX = OFF, STATISTICS_NORECOMPUTE = OFF, IGNORE_DUP_KEY = OFF, ALLOW_ROW_LOCKS = ON, ALLOW_PAGE_LOCKS = ON, OPTIMIZE_FOR_SEQUENTIAL_KEY = OFF) ON [PRIMARY]
) ON [PRIMARY]
GO
/****** Object:  Table [dbo].[GROUP]    Script Date: 6/7/2021 9:26:22 AM ******/
SET ANSI_NULLS ON
GO
SET QUOTED_IDENTIFIER ON
GO
CREATE TABLE [dbo].[GROUP](
	[ID] [int] NOT NULL,
	[NAME] [varchar](10) NULL,
 CONSTRAINT [PK_GROUP] PRIMARY KEY CLUSTERED 
(
	[ID] ASC
)WITH (PAD_INDEX = OFF, STATISTICS_NORECOMPUTE = OFF, IGNORE_DUP_KEY = OFF, ALLOW_ROW_LOCKS = ON, ALLOW_PAGE_LOCKS = ON, OPTIMIZE_FOR_SEQUENTIAL_KEY = OFF) ON [PRIMARY]
) ON [PRIMARY]
GO
/****** Object:  Table [dbo].[GROUP_FEATURES]    Script Date: 6/7/2021 9:26:22 AM ******/
SET ANSI_NULLS ON
GO
SET QUOTED_IDENTIFIER ON
GO
CREATE TABLE [dbo].[GROUP_FEATURES](
	[GID] [int] NULL,
	[FID] [int] NULL
) ON [PRIMARY]
GO
/****** Object:  Table [dbo].[QUESTION]    Script Date: 6/7/2021 9:26:22 AM ******/
SET ANSI_NULLS ON
GO
SET QUOTED_IDENTIFIER ON
GO
CREATE TABLE [dbo].[QUESTION](
	[QID] [int] NOT NULL,
	[CONTENT] [varchar](100) NULL,
	[DATE] [date] NULL,
 CONSTRAINT [PK_QUESTION] PRIMARY KEY CLUSTERED 
(
	[QID] ASC
)WITH (PAD_INDEX = OFF, STATISTICS_NORECOMPUTE = OFF, IGNORE_DUP_KEY = OFF, ALLOW_ROW_LOCKS = ON, ALLOW_PAGE_LOCKS = ON, OPTIMIZE_FOR_SEQUENTIAL_KEY = OFF) ON [PRIMARY]
) ON [PRIMARY]
GO
/****** Object:  Table [dbo].[RESULT]    Script Date: 6/7/2021 9:26:22 AM ******/
SET ANSI_NULLS ON
GO
SET QUOTED_IDENTIFIER ON
GO
CREATE TABLE [dbo].[RESULT](
	[QID] [int] NULL,
	[AID] [int] NULL
) ON [PRIMARY]
GO
INSERT [dbo].[ACCOUNT] ([USERNAME], [PASSWORD], [GID], [EMAIL]) VALUES (N'sa', N'sa', 1, N'duongdd@gmail.com')
GO
INSERT [dbo].[ACCOUNT] ([USERNAME], [PASSWORD], [GID], [EMAIL]) VALUES (N'sa1', N'sa', 1, N'duongdd141100@gmail.com')
GO
INSERT [dbo].[ACCOUNT] ([USERNAME], [PASSWORD], [GID], [EMAIL]) VALUES (N'duongdd', N'123', 2, N'duongdd141100@gmail.com')
GO
INSERT [dbo].[ANSWER] ([AID], [CONTENT], [QID]) VALUES (1, N'0', 1)
GO
INSERT [dbo].[ANSWER] ([AID], [CONTENT], [QID]) VALUES (2, N'1', 1)
GO
INSERT [dbo].[ANSWER] ([AID], [CONTENT], [QID]) VALUES (3, N'2', 1)
GO
INSERT [dbo].[ANSWER] ([AID], [CONTENT], [QID]) VALUES (4, N'3', 1)
GO
INSERT [dbo].[ANSWER] ([AID], [CONTENT], [QID]) VALUES (5, N'0', 2)
GO
INSERT [dbo].[ANSWER] ([AID], [CONTENT], [QID]) VALUES (6, N'1', 2)
GO
INSERT [dbo].[ANSWER] ([AID], [CONTENT], [QID]) VALUES (7, N'2', 2)
GO
INSERT [dbo].[ANSWER] ([AID], [CONTENT], [QID]) VALUES (8, N'3', 2)
GO
INSERT [dbo].[ANSWER] ([AID], [CONTENT], [QID]) VALUES (9, N'0', 3)
GO
INSERT [dbo].[ANSWER] ([AID], [CONTENT], [QID]) VALUES (10, N'1', 3)
GO
INSERT [dbo].[ANSWER] ([AID], [CONTENT], [QID]) VALUES (11, N'2', 3)
GO
INSERT [dbo].[ANSWER] ([AID], [CONTENT], [QID]) VALUES (12, N'3', 3)
GO
INSERT [dbo].[ANSWER] ([AID], [CONTENT], [QID]) VALUES (13, N'0', 4)
GO
INSERT [dbo].[ANSWER] ([AID], [CONTENT], [QID]) VALUES (14, N'1', 4)
GO
INSERT [dbo].[ANSWER] ([AID], [CONTENT], [QID]) VALUES (15, N'2', 4)
GO
INSERT [dbo].[ANSWER] ([AID], [CONTENT], [QID]) VALUES (16, N'3', 4)
GO
INSERT [dbo].[ANSWER] ([AID], [CONTENT], [QID]) VALUES (17, N'0', 5)
GO
INSERT [dbo].[ANSWER] ([AID], [CONTENT], [QID]) VALUES (18, N'1', 5)
GO
INSERT [dbo].[ANSWER] ([AID], [CONTENT], [QID]) VALUES (19, N'2', 5)
GO
INSERT [dbo].[ANSWER] ([AID], [CONTENT], [QID]) VALUES (20, N'3', 5)
GO
INSERT [dbo].[ANSWER] ([AID], [CONTENT], [QID]) VALUES (21, N'1', 6)
GO
INSERT [dbo].[ANSWER] ([AID], [CONTENT], [QID]) VALUES (22, N'2', 6)
GO
INSERT [dbo].[ANSWER] ([AID], [CONTENT], [QID]) VALUES (23, N'3', 6)
GO
INSERT [dbo].[ANSWER] ([AID], [CONTENT], [QID]) VALUES (24, N'4', 6)
GO
INSERT [dbo].[ANSWER] ([AID], [CONTENT], [QID]) VALUES (25, N'1', 7)
GO
INSERT [dbo].[ANSWER] ([AID], [CONTENT], [QID]) VALUES (26, N'3', 7)
GO
INSERT [dbo].[ANSWER] ([AID], [CONTENT], [QID]) VALUES (27, N'5', 7)
GO
INSERT [dbo].[ANSWER] ([AID], [CONTENT], [QID]) VALUES (28, N'7', 7)
GO
INSERT [dbo].[ANSWER] ([AID], [CONTENT], [QID]) VALUES (29, N'option 1', 8)
GO
INSERT [dbo].[ANSWER] ([AID], [CONTENT], [QID]) VALUES (30, N'option 2', 8)
GO
INSERT [dbo].[ANSWER] ([AID], [CONTENT], [QID]) VALUES (31, N'opotion 3', 8)
GO
INSERT [dbo].[ANSWER] ([AID], [CONTENT], [QID]) VALUES (32, N'option 4', 8)
GO
INSERT [dbo].[FEATURES] ([ID], [URL]) VALUES (1, N'/take-quiz')
GO
INSERT [dbo].[FEATURES] ([ID], [URL]) VALUES (2, N'/make-quiz')
GO
INSERT [dbo].[FEATURES] ([ID], [URL]) VALUES (3, N'/manage-quiz')
GO
INSERT [dbo].[GROUP] ([ID], [NAME]) VALUES (1, N'Teacher')
GO
INSERT [dbo].[GROUP] ([ID], [NAME]) VALUES (2, N'Student')
GO
INSERT [dbo].[GROUP_FEATURES] ([GID], [FID]) VALUES (1, 1)
GO
INSERT [dbo].[GROUP_FEATURES] ([GID], [FID]) VALUES (1, 2)
GO
INSERT [dbo].[GROUP_FEATURES] ([GID], [FID]) VALUES (1, 3)
GO
INSERT [dbo].[GROUP_FEATURES] ([GID], [FID]) VALUES (2, 1)
GO
INSERT [dbo].[QUESTION] ([QID], [CONTENT], [DATE]) VALUES (1, N'1 + 1 =', CAST(N'2021-05-25' AS Date))
GO
INSERT [dbo].[QUESTION] ([QID], [CONTENT], [DATE]) VALUES (2, N'1 - 1 =', CAST(N'2021-05-26' AS Date))
GO
INSERT [dbo].[QUESTION] ([QID], [CONTENT], [DATE]) VALUES (3, N'1 x 1 =', CAST(N'2021-05-27' AS Date))
GO
INSERT [dbo].[QUESTION] ([QID], [CONTENT], [DATE]) VALUES (4, N'1 : 1 =', CAST(N'2021-05-28' AS Date))
GO
INSERT [dbo].[QUESTION] ([QID], [CONTENT], [DATE]) VALUES (5, N'1 + 2 =', CAST(N'2021-05-29' AS Date))
GO
INSERT [dbo].[QUESTION] ([QID], [CONTENT], [DATE]) VALUES (6, N'1 + 3 =', CAST(N'2021-06-01' AS Date))
GO
INSERT [dbo].[QUESTION] ([QID], [CONTENT], [DATE]) VALUES (7, N'1 + 4 =', CAST(N'2021-06-02' AS Date))
GO
INSERT [dbo].[QUESTION] ([QID], [CONTENT], [DATE]) VALUES (8, N'asdasdasdasd', CAST(N'2021-06-04' AS Date))
GO
INSERT [dbo].[RESULT] ([QID], [AID]) VALUES (1, 3)
GO
INSERT [dbo].[RESULT] ([QID], [AID]) VALUES (2, 5)
GO
INSERT [dbo].[RESULT] ([QID], [AID]) VALUES (3, 10)
GO
INSERT [dbo].[RESULT] ([QID], [AID]) VALUES (4, 14)
GO
INSERT [dbo].[RESULT] ([QID], [AID]) VALUES (5, 20)
GO
INSERT [dbo].[RESULT] ([QID], [AID]) VALUES (6, 24)
GO
INSERT [dbo].[RESULT] ([QID], [AID]) VALUES (8, 31)
GO
INSERT [dbo].[RESULT] ([QID], [AID]) VALUES (7, 27)
GO
ALTER TABLE [dbo].[ACCOUNT]  WITH CHECK ADD  CONSTRAINT [FK_ACCOUNT_GROUP] FOREIGN KEY([GID])
REFERENCES [dbo].[GROUP] ([ID])
GO
ALTER TABLE [dbo].[ACCOUNT] CHECK CONSTRAINT [FK_ACCOUNT_GROUP]
GO
ALTER TABLE [dbo].[ANSWER]  WITH CHECK ADD  CONSTRAINT [FK_ANSWER_QUESTION] FOREIGN KEY([QID])
REFERENCES [dbo].[QUESTION] ([QID])
GO
ALTER TABLE [dbo].[ANSWER] CHECK CONSTRAINT [FK_ANSWER_QUESTION]
GO
ALTER TABLE [dbo].[GROUP_FEATURES]  WITH CHECK ADD  CONSTRAINT [FK_GROUP_FEATURES_FEATURES] FOREIGN KEY([FID])
REFERENCES [dbo].[FEATURES] ([ID])
GO
ALTER TABLE [dbo].[GROUP_FEATURES] CHECK CONSTRAINT [FK_GROUP_FEATURES_FEATURES]
GO
ALTER TABLE [dbo].[GROUP_FEATURES]  WITH CHECK ADD  CONSTRAINT [FK_GROUP_FEATURES_GROUP] FOREIGN KEY([GID])
REFERENCES [dbo].[GROUP] ([ID])
GO
ALTER TABLE [dbo].[GROUP_FEATURES] CHECK CONSTRAINT [FK_GROUP_FEATURES_GROUP]
GO
ALTER TABLE [dbo].[RESULT]  WITH CHECK ADD  CONSTRAINT [FK_RESULT_ANSWER] FOREIGN KEY([AID])
REFERENCES [dbo].[ANSWER] ([AID])
GO
ALTER TABLE [dbo].[RESULT] CHECK CONSTRAINT [FK_RESULT_ANSWER]
GO
ALTER TABLE [dbo].[RESULT]  WITH CHECK ADD  CONSTRAINT [FK_RESULT_QUESTION] FOREIGN KEY([QID])
REFERENCES [dbo].[QUESTION] ([QID])
GO
ALTER TABLE [dbo].[RESULT] CHECK CONSTRAINT [FK_RESULT_QUESTION]
GO
